<?xml version="1.0" encoding="UTF-8"?>
<soap:Envelope xmlns:soap="http://schemas.xmlsoap.org/soap/envelope/" xmlns:head="http://www.dcep.com/dcep/header/">
    <soap:Header>
        <head:Ver>01</head:Ver>
        <head:SndDtTm>2023-04-19T14:24:26</head:SndDtTm>
        <head:MsgTp>dcep.302.001.01</head:MsgTp>
        <head:MsgSN>202304197101301999640869437670005348</head:MsgSN>
        <head:Sender>C1040311005293</head:Sender>
        <head:SenderLEI>300300C1040311005298</head:SenderLEI>
        <head:Receiver>Z2022010000011</head:Receiver>
        <!--发送方的公钥证书序列号，此处为C1040311005293（邮储）的公钥证书序列号，用于接收方来验证发送方的签名，该编号是在公管平台维护-->
        <head:SignSN>7</head:SignSN>
        <!--接收方公钥证书序列号，此处为Z2022010000011（快钱）的公钥证书序列号，用于接收方来关联私钥解密发送方的数据-->
        <head:NcrptnSN>1</head:NcrptnSN>
        <head:DgtlEnvlp>
            MIGMAiB1WtFJr6morxnXL4/266nZaqOm4dlUKiRUJ7as+hPVxQIhAPMPFo3FC50jwRAs6S6z7qU4V3WOrAGGOjI+CH7x0V9nBCAalOo0SfwQC+0BvEtYuG96eQWzhCGR8RiUKEk3VeyulQQjW0TLM17gPadgY4xfLwrIPopX9so83BywBeYiwvcjwh/yNa0=
        </head:DgtlEnvlp>
    </soap:Header>
    <soap:Body>
        <wstxns1:CreOrdrRsp xmlns:wstxns1="http://www.dcep.com/dcep/30200101/">
            <GrpHdr>
                <MsgId>20230419008130224000000256123000</MsgId>
                <CreDtTm>2023-04-19T14:24:26</CreDtTm>
                <InstgPty>
                    <InstgDrctPty>C1040311005293</InstgDrctPty>
                </InstgPty>
                <InstdPty>
                    <InstdDrctPty>Z2022010000011</InstdDrctPty>
                </InstdPty>
            </GrpHdr>
            <OrgnlGrpHdr>
                <OrgnlMsgId>20230419710130199964086943767000</OrgnlMsgId>
                <OrgnlInstgPty>Z2022010000011</OrgnlInstgPty>
                <OrgnlMT>dcep.301.001.01</OrgnlMT>
            </OrgnlGrpHdr>
            <RspsnInf>
                <RspsnSts>PR02</RspsnSts>
                <TrxTp>TT01</TrxTp>
                <TrxAmt Ccy="CNY">0.01</TrxAmt>
                <MrchntNo>100610100008237</MrchntNo>
                <OutOrdrNo>2023041914242762510345012</OutOrdrNo>
                <OrdrTm>2023-04-19T14:24:29</OrdrTm>
                <OrdrNo>2023041914242900110200500</OrdrNo>
            </RspsnInf>
            <QRCodeInf>
                <QrCode>https://qr.pbcdci.cn/0080439f72cb1af650ffb210eb030e35bc7f104</QrCode>
            </QRCodeInf>
        </wstxns1:CreOrdrRsp>
    </soap:Body>
</soap:Envelope>